Company Name,Domain,Industry,Country,City,Website,Primary Email,Email Confidence,All Emails,Primary Phone,All Phones,LinkedIn,Rank Score,Outreach Status,Tags
epa.gov,epa.gov,law firms,Nigeria,,,j.howell@2-g.com,0.95,j.howell@2-g.com; e.robertson@2-g.com; jimjodice@yahoo.com; frederic.despagne@fr.abb.com; doug.s.baer@us.abb.com; kashif.butt@us.abb.com; acrion@acrion.com; jcook@acrion.com; tcc@acterragroup.com; james.flaherty@adsorptech.com; john_ambriano@adsorptech.com; apurva.maheshwary@adsorptech.com; s.knaebel@adsorption.com; william.brinker@landfillgroup.com; dlw@aem-ga.com; solarmanjd@dcemail.com; paul.wintheiser@aecom.com; allan.randolph@aerconstruction.com; ghowe@aeieng.com; mark.maloney@aggregatedmicropower.com; rick@agility-ges.com; rahlg@swbell.net; lauren.turner@airliquide.com; schaefme@airproducts.com; gbyers@airtak.com; bob.g@aptalaska.com; chawkey@albancat.com; chanson@albancat.com; billcox@alchemfs.com; sguichon@algas-sdi.com; tbf@alliedenvironmental.com; alpine.alaska@gmail.com; karen.evans@altelainc.com; matthew.bruff@altelainc.com; divy.acharya@amcscorp.com; mbakas@ameresco.com; jbier@ameresco.com; bheuiser@ameresco.com; lnugent@ameresco.com; jstander@ameresco.com; ssharp@americanpurification.com; trankin@americomfg.com; kbooth@americomfg.com; schao@analyticalsolutioninc.com; mswain@ati-miami.com; cgilbert@anchorqea.com; info@anguil.com; annrotroff@bellsouth.net; kcomer@antaresgroupinc.com; s.smith@antillespower.com; dsjones@apac.com; mbedley@apexpower.com; brudolph@aptagen.com; scott.furlong@aptim.com; mboussad@aquaterra-env.com; tsmith@aquaterra-env.com; mvancleave@aquaterra-env.com; ali@arcsouthern.com; ssiegel@controlledgas.com; david.caballero@arcadis.com; leepalles@archpsolutions.com; greg@argentinc.com; richard.digia@ariaenergy.com; jay.hopper@ariaenergy.com; sheila.miller@ariaenergy.com; dennis.plaster@ariaenergy.com; ed.henderson@assurance-engineering.com; zafarpasha@yahoo.com; amankhan@sbcglobal.net; zareensultana@sbcglobal.net; jscott@atlcc.net; egrosjean@aaclab.com; mhueppe@aaclab.com; ssparmar@aaclab.com; damsden@automationalliance.net; adam@tvcsystems.com; ralph@tvcsystems.com; nels@tvcsystems.com; cusumano@infionline.net; peotterb@ayresassociates.com; mmayhew@barkerlemar.com; ccampman@bartonandloguidice.com; rhasemeier@bartonandloguidice.com; bettercarbonsolutions@gmail.com; kay.turgeson@biocng.us; beaw@biofermenergy.com; cparent@besch4.com; slaliberty@besch4.com; twhittinghill@coral-energy.com; ajohnson@btu-llc.com; jhiendlmayr@biogastech.com; jgaydos@biogastech.com; david.johnson@biohyenergy.com; o.lopezvidal@internationaltechnical.com; dwebb@biorem.biz; biospherellc@yahoo.com; jean-pierre.franzidis@biothermica.com; biothermica@biothermica.com; frederic.druin@biothermica.com; akremen@birdsall.com; bbednar@birdseyerealty.com; mbertane@blackhawkco.com; jechard@blazosky.com; rwilliams@bluesource.com; efim@bluespherecorporate.com; thebmmggroup@gmail.com; p.corey@snet.net; rkbose@cox.net; brownenergydc@gmail.com; barend@brightenergyllc.com; rivers@broadrock.com; akirschner@brwncald.com; hsfeir@brwncald.com; cbrown@brownequitygroup.com; thomasbulman@yahoo.com; samartin@burnsmcd.com; pdayal@ctrade.org; jmiller@mintz.com; mcallaway@caltechglobal.com; evan@cambrianenergy.com; rhys@cambrianenergy.com; tudor@cambrianenergy.com; ale@cambridgeprojectdev.com; wirbelw2000@yahoo.com; dee.monroe@c-a-m.com; drsiever@optonline.net; dfamakinwa@capstonepower.com; marketing@capstoneturbine.com; sbachman@capstoneturbine.com; applications@capstoneturbine.com; mrouse@capstoneturbine.com; service@capstoneturbine.com; gcyr@capturellc.com; cgrindrod@captusenergy.com; cvalvasori@comcast.net; robinzimmer@carboncontroltech.com; jana_k2009@hotmail.com; paul.metz@c2-energy.com; alex@emailcsa.com; heike@emailcsa.com; card5844@bellsouth.net; landfill@carlisleenergy.com; gilly@syntec.carlisle.com; carlsonenv@gmail.com; jmcnabbcmi@aol.com; srobinson@carnesoil.com; michael.carolan@att.net; ken.robbins@casella.com; russell.anderson@casella.com; abbie.webb@casella.com; rjefferson@catalyst-financial.com; mruff@catalyticcombustion.com; mfisher@cpilink.com; jcarlson@cpilink.com; jon.best@cat.com; leetj@cat.com; scott_timothy_d@cat.com; deron@cavcovalve.com; mike@alexandrianenergy.com; jayceil@sbcglobal.net; johnl@cccgroupinc.com; westerlundkk@cdmsmith.com; currojp@cdmsmith.com; steven.landry@cdrmaguire.com; james.jackson@cdrmaguire.com; greg@ce2capital.com; mfilipov@cemtrex.com; nickm@centeklabs.com; hg@cercleplein.com; pgallegos@cgpresourcesllc.com; evan.griffiths@ch2m.com; peter.woodfill@ch2m.com; sayerskendall@gmail.com; kmartin@chadbourne.com; ekatz@chadbourne.com; bob.conway@charlesequipment.com; mike.biehl@charlesequipment.com; gstensland@chemithon.com; blake.housam@chemtech88.com; ted.andersen@chemtech88.com; dave.catena@chemtech88.com; george.samo@chemtech88.com; read@cherrycreekcapital.com; smccomb@theccx.com; luisecruz@ieee.org; kkruszynski@cecinc.com; eboury@cecinc.com; joneill@cesengineers.net; jon.going@clarke-energy.com; tgibson32@aol.com; walter@professionalstrategicpartners.com; mcorbin@clf-pc.com; kaye@cfrrp.com; consultores39@gmail.com; rock.petit@cmd-corp.com; gary.oconnell@cmd-corp.com; brad.schmoll@cmd-corp.com; cngaz@msn.com; vmandayam@coen.com; bbarnes@coen.com; al@cogencon.com; mdmeredith@gmail.com; kkavia@cai3.com; kabualrejal@cai3.com; ibramlett@cai3.com; tbenton@cigcorp.com; crmc@crmcx.com; tyeransian@crmcx.com; kbuelke@alutiiq.com; jackmotley@compressorpackaging.com; kmacoskey@csc-inc.cc; tbatten@concord-engineering.com; mjuliana@concord-engineering.com; gmolinari@concord-engineering.com; janderson@consor.com; christopher.abbuehl@constellation.com; john.hendrick@constellation.com; jgilkinson@contech-cpi.com; cgabernathy@cookcoggin.com; jon.wikstrom@coolclean.com; tom.bilgri@cornerstoneeg.com; jdavid@corrosion-products.com; coulomb.joule@gmail.com; apladson@covantaenergy.com; pstauder@covantaenergy.com; covenantinvestmentsllc22@gmail.com; pcoyle@coylesupply.com; sbailey@coylesupply.com; luke.conner@cpl-systems.com; skye.heldenbrand@cpl-systems.com; shams@crescentpower.net; chris.moellers@crestwoodenergy.com; kirk.grimm@crestwoodenergy.com; ch4man@hot.rr.com; knappa@swbell.net; lstanhope@crowdercc.com; gcochran@crowdercc.com; rclink@crowdercc.com; csmgtech@gmail.com; tsoong@cticompanies.com; garysmith@cummingsandsmith.com; joshua.griswold@cummins.com; curt.chesler@cummins.com; dan@curington.com; david@curington.com; tharrison@curtisengine.com; aotis@cm-p.com; custer@landfillgas.com; brown@landfillgas.com; robert@drenergyservices.com; pwagner@dalube.com; dpatnode@dalube.com; bdana@danaengineering.com; dpflumm@dancosystems.com; gfeuerborn@dancosystems.com; rgruber@dancosystems.com; romy_1_@hotmail.com; baker.davenport@davenportfinance.com; feckert@dcoenergy.com; jad.delcon@gmail.com; roberth5@hosenow.com; bryan@hosenow.com; ford.r@deutzusa.com; kinnisoncorp@cox.net; mann.b@deutzusa.com; ramon@diamondsci.com; sashley@directionaltech.com; plcrouzat@dmt-cgs.com; sramalingam@dmt-cgs.com; restabrook@douglaspipeline.com; agrier@downesassociates.com; kbannister@daa.com; bhase@daa.com; dmarickovich@daa.com; ibudak@dresser-rand.com; drillmore@cox.net; kevin.dobson@dteenergy.com; gairwin@duke-energy.com; lcjohnso@dukeengineering.com; dduran@duranmarks.com; jim.pakkala@durrusa.com; dave.ciuffoletti@durrusa.com; michael.telgheder@durrusa.com; sroe@pechan.com; jkumm@eaest.com; ggriffin@eaest.com; kkilmer@eaest.com; rnewman@eaest.com; jgonzalez@eaglepowerllc.com; dhorvath@earthres.com; sdean@earthres.com; josh.tennen@earthwell.cc; jruberti@earthwiseenergytech.com; eastbrookllc@gmail.com; mmrahman@eba.ca; georgearmaho@yahoo.com; smenon@ecoengineers.us; jramm@ecoengineers.com; philippe.crete@ecoressources.com; t.lazaroo@ecosur-america.com; lhausz@eco-tec.com; cfontana@eco-tec.com; msharer@ecycle.com; djs@ecycle.com; jschretter@beaconenergy.com; rdaley@beaconenergy.com; roark@edwardsindustrialequipment.com; jbeiter@e-finity.com; walter@ekotechenergy.com; fmaya@ekotechenergy.com; martin@ekotechenergy.com; mwekler@elementmarkets.com; dan.duncan@elkinsearthworks.com; tom.philips@elkinsearthworks.com; peter@emcosystems.net; victor@emcosystems.net; sosborn@emittechnologies.com; cbarritt@emittechnologies.com; bobruss@emtrolcorp.com; mikefregeau@evaporator.com; rvrusso@enconservices.com; ohbobitsu@charter.net; eporter@enercon-eng.com; dhoppe@enercon-eng.com; mark.owen@ener-core.com; bill.brinker@landfillgroup.com; kmann@enerflex.com; lazarov@energ3.us; feckert@energenic-us.com; ddomenic@energenic-us.com; jventre@energenic-us.com; laurasemail@me.com; cd@energyalternative.com; shivas@energynpower.com; minella.gjoka@energychoice.com; dennis.bollinger@energydi.com; donkalland@cox.net; joejr@energyequipmentco.com; jerry.peters@energypowerpartners.com; steve.gabrielle@energypowerpartners.com; clint@energy-recovery-associates.com; sneveu@energyrecoverysystems.com; frank@enscrp.com; esg@energysystemsgroup.com; jefferies@energyventures.net; kkirkendall@energy-inc.com; wsong@energyneeringsolutions.com; santag@santaenergy.com; rslember@aol.com; charles.nash@enervision-inc.com; mike@wilkesandcompany.com; chris.bouy@engrd-sustain.com; peter.glauber@engrd-sustain.com; jeremy.venable@engrd-sustain.com; jon1@edti-1.com; mohammad1@edti-1.com; jack@esdworks.com; rarmstrong@enginesplusinc.com; ckeeling@enginesplusinc.com; etomeo@enpowercorp.com; asugaoka@enpowercorp.com; o_riedel@yahoo.com; j.chaloupka@biogas.at; b.schulz@biogas.at; cburgess@eceservices.com; ece@multipro.com; dfarrell@enviadvi.com; sharaddesh@hotmail.com; dirk.wriedt@eilllc.com; donadams1775@yahoo.com; mike.beck@erm.com; randymott@ekotechnology.com; esccorp4@comcast.net; jordan.blackman@enviros.com; chris.white@enviros.com; info@epgco.com; johnt@cntr4co2.com; dmoard@powerhouseenergy.net; mgreen@ergoseal.com; bhigginbotham@etenv.com; rklopfer@etalim.com; lennyh@evomarkets.com; jbattaglia@evomarkets.com; dakota@excelsiorcap.com; dvandor@expansion-energy.com; kevin.lidbury@fairbanksmorse.com; luke.fredrickson@fairbanksmorse.com; jim.berard@faith-technologies.com; kha.morris@gmail.com; faneuil@comcast.net; folker@gadc.com; sauf@farmatic.com; zellmann@farmatic.com; goersjohn@firestonesp.com; pankoniejeff@firestonesp.com; margaret@firmgreen.com; steve@firmgreen.com; jacob.bourgeois@firstclimate.com; sascha.lefeld@firstclimate.com; calvfirstnations@aol.com; justin.schaffer@flsmidth.com; randyb@fluidcomponents.com; steven.carlino@forneycorp.com; smadonna@forrersupply.com; dcomora@fortistar.com; bharthun@foth.com; jamcclelland76@yahoo.com; jfranklin@feandcllc.com; fbagerald@frazierbarnes.com; jbabb@frazierbarnes.com; fbawarren@frazierbarnes.com; flgreenberg@flglaw.com; msk@ftn-assoc.com; pwc@ftn-assoc.com; jfranceschina@fce.com; gsteinfeld@fce.com; gerry@gfriesen.com; rjones@g2energy.com; jleiper@gfnet.com; jevans@gfnet.com; walterb@gastechno.com; dstanphill@gc-environmental.com; fkia@gc-environmental.com; maxinep@gdttek.com; roger.george@ge.com; matthewr.smith@ge.com; hari.savidas@ge.com; uwahid@generon-ca.com; cgann@genscape.com; smstephan@geopowerenergy.com; dheitz@geosyntec.com; mothman@geosyntec.com; steven.wilsey@ghd.com; mcasullo@craworld.com; jfg@ghgsat.com; pbullene@glaciallakesenergy.com; anne@gladstein.org; sean.turner@gladstein.org; rgleysteen@aol.com; greg@globalmicroturbine.com; globalgen@aol.com; thomas@energy-risk.com; weclister@golder.com; kevin_brown@golder.com; gdeardorff@golder.com; brollins@gomeldavis.com; johvan@gorbel.com; bob@govcap.com; skipsmith55@verizon.net; tgcleve@yahoo.com; kreske@greatlakespwr.com; rickr@ger-inc.biz; tomg@ger-inc.biz; mattw@ger-inc.biz; mike.smith@greenenergyadvantage.com; tlewis@greenenergypartnersllc.com; steve@gkwenergy.com; gkeegan@gseenv.com; paulr2383@yahoo.com; tim.milburn@gwst-us.com; gcraig@edgewaternet.com; graham.sherk@greenlanebiogas.com; aidachaba@greennovativechain.com; petecoorey@gmail.com; wesley.broomham@greenpowertek.com; margaret.heavey@greenstar.ie; jacob.hartlage@gmail.com; axel.schaefer@greentechavenue.com; ert1982@aol.com; rushton@alamedamp.com; hanger@alamedamp.com; matthew.kerec@alcoa.com; michael.padgett@alcoa.com; douglitwiller@alliantenergy.com; rwright@ameren.com; bfrench@appnatgas.com; jeremy.nolan@anheuser-busch.com; gary.wright@ashgrove.com; mayorquill@auburnny.gov; leslie.libby@austinenergy.com; cfiedler@biodieselindustries.com; aili.spearman@bmwmc.com; cleveland.beaufort@bmwmc.com; rpezon@chambersburgpa.gov; jason.tate@bp.com; john.armstrong@bp.com; shelley.mccain@centerpointenergy.com; whitley.maddox@cherokeebrick.com; tom.kabat@cityofpaloalto.org; roger.wilhelm@cityofwinder.com; weidenire@cokecce.com; mark.jantze@exeloncorp.com; greg.deis@cornerstonechemco.com; jacksonpl@corning.com; bobdirgo@hotmail.com; cypresscreekenergy@gmail.com; cmurray4492@gmail.com; john.mcwilliams@dairylandpower.com; mark.a.griffin@dom.com; annette_christian@dom.com; henry_leidheiser@dom.com; steven_shaw@dom.com; wbfisackerly@dow.com; kirchnerd@dteenergy.com; charles.beacom@duke-energy.com; bill.kennedy@ekpc.coop; jcrowley@eucmail.com; kyle@epud.org; gibsorj@nu.com; robert.matty@exeloncorp.com; kssusick@firstenergycorp.com; arnold@framfuels.com; daniel.voss@gm.com; tsack@gerdauameristeel.com; shay.ohrel@greenmountain.com; dhart@utility.org; envision@gundersenhealth.org; jim.knight@hanson.biz; johnpaul.sine@hawker.com; badhickson@gmail.com; keith.togna@honeywell.com; hnorrick@hepn.com; wiechmand@natfuel.com; frankm@natfuel.com; dmueller@imea.org; thom.oleary@aes.com; eddie.bradley@interface.com; terri.sexton@navistar.com; mcinsg@jea.com; georgesaville@jwaluminum.com; bcumming@kcc.com; tony.perry@lafarge-na.com; slw@lbwl.com; dproctor@lhup.edu; bpattillo@lockhartpower.com; jay.harf@loreal.com; philippe.lamote@loreal.com; tom.depaull@lge-ku.com; tim.roberts@mallinckrodt.com; brant.harris@mallinckrodt.com; jvelasquez@marexspectron.com; phil.onstott@daimler.com; david.mckeown@meridianbrick.com; cswoollums@berkshirehathawayenergyco.com; fcontr@journey.com; erin.cornett@milliken.com; fsilhan@mortonsalt.com; brendan@muellerstl.com; bhaacke@murray.utah.gov; dstireman@murray.utah.gov; jeff@novus-energy.com; climbhigh1980@yahoo.com; rjbaker@oppd.com; gkrieser@oppd.com; bill.bivins@oneworldcleanenergy.com; gblair@ouc.com; sbecht@ouc.com; osteenfarms@yahoo.com; sking@pngcpower.com; bbiegel@pngcpower.com; frank.rainey@energytransfer.com; glenn.johnson@pepsico.com; nathan.schock@poet.com; sagabrielle@pplweb.com; kricks@klickpud.com; gus@rp-l.com; hbird@crosslink.net; hkhawkin@srpnet.com; eakress@santeecooper.com; tom.carlson@shell.com; sasmith@cleanenergy.org; ta.machin@smmpa.org; jburns@sfccmo.edu; bdillon@steubenrec.com; mjclavin@tva.gov; jlchilds3@trinseo.com; mbarruetadelgado@trinseo.com; mmkirkland@trinseo.com; ckomadina@tep.com; lrosman@facnet.ucla.edu; wmoir@ups.com; erin-hazen@uiowa.edu; dave.bowley@unh.edu; matt.okeefe@unh.edu; urbancanvasproject@gmail.com; dmullett@vppsa.com; t_fresher@wvpa.com; marty.gilbert@wal-mart.com; patty.richards@wec.coop; donna.danihel@wecenergygroup.com; dalemarhanka@lortonarts.org; johnmason@lortonarts.org; sgauthier@avrrdd.org; pwholt23@aacounty.org; rperry@archuletacounty.org; gconover@acua.com; khodgson@baltimorecountymd.gov; heather.siesel@bartholomew.in.gov; melissa.wheatley@berkeleycountysc.gov; jeffrey.cook@berkeleycountysc.gov; alan.roberts@berkeleycountysc.gov; michael.lemon@biogasresearchers.org; hartselljonathan@gmail.com; scotts@boonecounty.iowa.gov; clayton.hand@nashville.gov; doverspike_cc@co.brown.wi.us; kristy.smith@buncombecounty.org; ljohnson@bucoks.com; wboaldin@bucoks.com; conturojr@cmcmua.com; jchandler@catawbacountync.gov; pantelip@co.chautauqua.ny.us; chayes@cherokeecountyks.org; bwatts@chestercswa.org; thoughton@honolulu.gov; polson@cabq.gov; rbarnhart@cityofaltonil.com; clipscomb@atlantaga.gov; melong@clandfill.com; bpayne@chattanooga.gov; steve.hunt@como.gov; napaul@gocolumbiamo.com; lawm@cctexas.com; ethan.cox@cityofdenton.com; ami.reeder@cityofdenton.com; lbbarefoot@dothan.org; bbluelake@flagstaffaz.gov; aspangler@fortsmithar.gov; bhenry@ci.gary.in.us; myoung@glendaleca.gov; szurn@glendaleca.gov; asicari@hswa.us; gavin.dillingham@houstontx.gov; ron.sandberg@cityofhouston.net; wknotts@jacksonms.gov; lwolcott@lawtonok.gov; khalil.gharios@lacity.org; dlascaleia@northamptonma.gov; dveleta@northamptonma.gov; gking@cityofpa.us; ewelch@richmondindiana.gov; jmenna@cityofriverview.com; rbobeck@cityofriverview.com; joseph.krupa@sanantonio.gov; jhay@sandiego.gov; cfergusson@sandiego.gov; marman@cityofsantacruz.com; kvigeland@spokanecity.org; eroberts@springfieldmo.gov; rmcquerrey@stjoemo.org; pat.tapia@tucsonaz.gov; ewalker@ci.xenia.oh.us; cberger@ci.xenia.oh.us; stoyoda@indio.org; bdarden@crswma.com; adavis@columbusco.org; john.kellas@fairfaxcounty.gov; russell.filtz@fairfaxcounty.gov; aclark@fcva.us; bsullivan@kauai.gov; jjfechtel@lex-co.com; peter.livingston@ocwr.ocgov.com; mike.kashani@ocwr.ocgov.com; kraithel@peoriacounty.org; dverhoeff@dwswa.org; welch@countyofdane.com; rterry@decatur-al.gov; tahutchinson@dekalbcountyga.gov; brian.norton@douglascounty-ne.gov; jfoster@cityofdubuque.org; jrufo@eriecounty.oh.gov; ptjohnson@myescambia.com; michael.kresse@fauquiercounty.gov; marianna.denny@fauquiercounty.gov; landfill@fordcounty.net; damann@co.fresno.ca.us; clarkin@co.fresno.ca.us; marcie.smith@gastongov.com; mlarocco@gtcounty.org; rcfunnye@gtcounty.org; jsloan@gtrswma.com; jcollings@grantcountywa.gov; mdp@goglra.org; mpapin@greenvillecounty.org; dsightler@greenwoodsc.gov; scwilson@co.hancock.oh.us; ruizle@hillsboroughcounty.org; stodd@solidwasteauthority.org; bhilling@solidwasteauthority.org; tmuth@jacksonnc.org; d_hylton@bellsouth.net; rmayer@jeffparish.net; dan.rose@kentcountymi.gov; mizanur.rahman@kingcounty.gov; nichols.nick@co.la-crosse.wi.us; mreider@lcswma.org; rrodriguez2@leegov.com; michael.hnatin@lcrms.com; anthony.detweiler@mymanatee.org; mike.sims@marioncountyfl.org; larry.starkey@marioncountyfl.org; joe.hack@mecklenburgcountync.gov; paul.ehinger@oregonmetro.gov; tmcglass@mcswmd.org; gfrie@co.monroe.wi.us; gpetraborg@mrwmd.org; tflanagan@mrwmd.org; mark.madden@anchorageak.gov; mark.spafford@anchorageak.gov; ffernandez.munvb@gmail.com; jsuleyman@nhcgov.com; amoore@nmwda.org; mark.goodin@orcaa.org; james.flynt@ocfl.net; solidwst@mailhost.magicnet.net; alumpkin@pearlrivercounty.net; jwilliams@pcfawc.com; dlflick@co.pg.md.us; pganguly@co.pg.md.us; ssandhu@pwcgov.org; sgilani@staffordcountyva.gov; jcanty@staffordcountyva.gov; rtate@co.rockingham.nc.us; cindy.haygood@ga.usda.gov; serpil.guran@rutgers.edu; specca@aesop.rutgers.edu; patrickm@svswa.org; wchen@lacsd.org; jcosulich@lacsd.org; mmcdannel@lacsd.org; jhays@santacruzcountyaz.gov; jtimmons@scgov.net; abeccard@sarpy.com; mkc3@humboldt.edu; btheiner@sewardcountyks.org; tantrim@sewardcountyks.org; jheath@co.shasta.ca.us; mike.shewbart@sswda.biz; dhansen@siouxfalls.org; tlubbers@siouxfalls.org; mwilliams@stclaircounty.org; soldiers.to.sawyers@gmail.com; danny.fannin@swaco.org; tganus@sebclandfill.com; scott@seccra.org; hbaggett@spsa.com; troyduke@cableone.net; twbrown@spartanburgcounty.org; bloveday@spotsylvania.va.us; acutrera@slpsolidwaste.org; jduffie@sumtercountysc.org; greencitysbdi@gmail.com; sribes@trswa.org; tfox@trswa.org; mcgarrym@colonie.org; goossens@townofwindsorct.com; markhooyer@transjordan.org; edavis@transjordan.org; mattbaumgardner@vrsd.com; edwardpettit@vrsd.com; rex.buck@watgov.org; abyrd@wilkescounty.net; dolson@willcountygreen.com; director@windhamsolidwaste.org; koboyle@co.wood.oh.us; hoylejw@appstate.edu; rizaldo.aldas@energy.ca.gov; vngb@dswa.com; rmr@dswa.com; cory.dilmore@dep.state.fl.us; philip.ciaravella@dep.state.fl.us; andrea@gefa.ga.gov; arlene@gefa.ga.gov; chad.hall@dnr.ga.gov; chris.liebman@illinois.gov; neelu.lowder@illinois.gov; amcclure@idem.in.gov; ddegner@kdheks.gov; mselm@kdheks.gov; jason.meyers@la.gov; kathy.tarbuck@maine.gov; ghiga@mde.state.md.us; kyle.haas@maryland.gov; michael.judge@state.ma.us; sean.griffin@state.ma.us; clifford.shierk@state.mn.us; peter.tiffany@state.mn.us; jennifer_milner@deq.state.ms.us; emack@mississippi.org; sarora@mississippi.org; ipanzar@ncsu.edu; steve_kalland@ncsu.edu; mgoldman@dep.state.nj.us; richard.clarkson@dec.ny.gov; dan.brinsko@dec.ny.gov; jaime.lang@dec.ny.gov; nathan.putnam@dec.ny.gov; ed.mussler@ncdenr.gov; tlundquist@nd.gov; todd.nein@aqda.state.oh.us; holly.hillyer@epa.ohio.gov; heimlich.1@osu.edu; ssocash@state.pa.us; andrew.conway@puco.ohio.gov; tjerman@energy.sc.gov; heather.goggin@adeca.alabama.gov; craig.almanza@tn.gov; larry.christley@tn.gov; christine.bergren@tceq.texas.gov; matthew.udenenwu@tceq.texas.gov; sattler@uta.edu; allanmoore@utah.gov; kathryn.perszyk@deq.virginia.gov; john.cleary@ecy.wa.gov; sjodingd@energy.wsu.edu; david.panofsky@wisconsin.gov; bkalweit@aaees.org; msuddleson@publicpower.org; mhyland@publicpower.org; cslaughter@publicpower.org; janastasio@apwa.net; kdoshi@biomasscenter.org; greencommission@gmail.com; emerlos@cifalatlanta.org; sosman@climateactionreserve.org; max@climateactionreserve.org; craig.hustwit@netl.doe.gov; williams@dwgreeninstitute.com; bstaley@erefdn.org; rl04@txstate.edu; bjordan@gpisd.net; ej@gridgrants.org; amavrop@epem.gr; mnix@hbaofsc.com; mniehaus@hbaofsc.com; plcase@etcgrp.com; byuhas@icma.org; jim.yienger@iclei.org; barb@leonardoacademy.org; cmitchell@map-inc.org; mhair@masc.sc; tdorau@naco.org; agermain@wasterecycling.org; cmaurer@advancedenergy.org; tibor.vegh@duke.edu; burger@pennfuture.org; tim@rdaidaho.org; dbiderman@swana.org; sbixby@swana.org; jobrien@swana.org; scac@scac.state.sc.us; jim@screaltors.com; hunterh@scchamber.net; rleitne@clemson.edu; blalocje@dhec.sc.gov; ringler@southernresearch.org; gwalter@swri.org; r1346@aol.com; aharned@vacleancities.org; tcollins@email.wcu.edu,+2349045793217,+2349045793217; +33676491676; +2349549374711; +2349087359528; +2349082673481; +2347323561000; +2347048411610; +2347702428282; +2348884489188; +2347247740401; +2349194199802; +2347064030967; +2348165195123; +2348322702253; +2347242973416; +2348009820136; +2342067895410; +2349072324409; +2349087196560; +2347155496023; +2347047086048; +2348005999799; +2347709747000; +2348282813350; +2347876229330; +2349138146700; +2349549158902; +2347037938000; +2349136810030; +2347244549048; +2349196099534; +2347705945998; +2348056501642; +2347329469462; +2347177378326; +2348606787537; +2347132303471; +2349723756057; +2347876374375; +2347134107484; +2347323801700; +2347049406100; +2348142382060; +2347736600768; +2348605868562; +2347038188919; +2342024593155; +2347072664354; +2348168223069; +2349183849600; +2342038530220; +2347708105004; +2348187345300; +2348187345420; +2347133040656; +2348134775674; +2348654063523; +2347205455092; +2347863485458; +2348772697183; +2347172457040; +2347045067312; +2347042025199; +2348608334544; +2347155642882; +2348475504322; +2347654485552; +2347722314301; +2348584810024; +2348155293763; +2347144356052; +2348653003345; +2348656402250; +2342029745674; +2347874472544; +2347243446543; +2348136291965; +2347067428258; +2348182590864; +2347038971577; +2347073379135; +2347875626562; +2349207306888; +2348104990831; +2349512726999; +2347817848835; +2348564270200; +2348584549091; +2349132196613; +2349193672000; +2349737443353; +2342012133372; +2347023992339; +2348104223275; +2349139620600; +2347874261632; +2348043236061; +2347876434159; +2347702796730; +2347705647247; +2342032949200; +2349714970951; +2349713362962; +2348042642228; +2347349135984; +2347043736903; +2347043823832; +2347043821508; +2347344596800; +2349167081893; +2349057270077; +2349054270077; +2347039058110; +2349546480328; +2348552753626; +2348004777664; +2349496163367; +2347048448990; +2347148571087; +2347607490111; +2342033131646; +2348606735659; +2348124715000; +2348776714954; +2342033673661; +2342032549292; +2347166811234; +2349092799400; +2348002981851; +2349252441100; +2347862521533; +4355787946; +2349314849321; +2349317387711; +2349176217165; +2348153896020; +2348779163098; +48227018378; +442074216340; +441743284800; +2347634242613; +2347758488885; +2349143230276; +2348283980127; +2349146313197; +2349135414786; +2349373232222; +2349499339985; +2349492702941; +2348303201578; +49610155658; +2348284217229; +2348287368462; +2347607446950; +2349724586312; +2349144214900; +2347408198014; +2348322441980; +2349017257258; +2348478644010; +2342037921460; +2342038256122; +2347704028199; +2347177637212; +2347177637211; +2347755603911; +2347146329969; +2348329540546; +2349254311035; +2348013687741; +2348642013963; +2347162051982; +2347162976150; +2342067221999; +2349192665432; +2347704928146; +2347704961893; +2348177220213; +2348043206633; +2342034883644; +2348642051684; +2347247227069; +2348478263314; +2347035974702; +23485297146296; +886913878550; +3532947900; +2347789605472; +2349126325859; +2349402390108; +2348649896000; +2347172613238; +2349492518696; +2347132074685; +2347708677978; +2347709893492; +2348324510537; +2348042732988; +2348042733024; +2349792385420; +2347348874249; +2348595951946; +2348606653326; +2348606653085; +2349122338805; +2348136765268; +2347705020226; +2348556691653; +2349722667458; +2348187656201; +2348163333341; +2348045203768; +2348128760373; +2347168577539; +2347168577534; +2347068126271; +2349373904011; +2349046654309; +2349046654540; +2348437648337; +2347705878825; +2348645452211; +2347324992341; +2349086735366; +2349198782895; +2349198784745; +2342053073761; +2348036913121; +2349898357771; +2348643160185; +2348012642715; +2348012642706; +2349523451062; +2348634674700; +2349417301800; +2347659737374; +2348437618000; +2348037618000; +2348014104412; +2348282546776; +2347062778380; +2347062778371; +2347164304265; +2348028828500; +2348022242324; +2347035842982; +2347035842903; +2349702648413; +2347878702100; +2348123762614; +2348437192343; +2348437192358; +2348437198343; +2342028105835; +2348282849818; +2349204924955; +2349204924950; +2348282505460; +2348284658940; +2347169854785; +2348087683485; +2349403497421; +2349403498008; +2349282132124; +2348185483293; +2348185482107; +2348323938127; +2347138379020; +2347659837483; +2347347855928; +2347347855927; +2348585183008; +2348586273311; +2348314205162; +2348163412182; +2349373767271; +2349373767269; +2347606251815; +2349106413953; +2347033245047; +2347033245244; +2347033245230; +2348082414955; +2348037858201; +2347148343703; +2347148343713; +2347062772545; +2348509372160; +2347049220267; +2348435453449; +2348435453325; +2347178675790; +2348642439672; +2348649428754; +2348136717707; +2348137445640; +2348132762900; +2348433471651; +2348286310271; +2342062968444; +2347173979968; +2349417928811; +2347043366513; +2348123492016; +2348312646385; +2348312646915; +2349073436279; +2349073436289; +2347878586617; +2349107984403; +2349084532174; +2347037926265; +2347707490444; +2347707499444; +2349089329171; +2349089328978; +2348317753000; +2349418611572; +2347078264345; +2348109896979; +2347579613674; +2348649490211; +2348034362114; +2348032954751; +2348036522225; +2348602851832; +2348012562811; +2348015698994; +2348056584679; +2348052072218; +2348282645305; +2348157747891; +2348022570272; +2348282627934; +2349163271417; +2348502458712; +2348502458742; +2347852961601; +2347852960606; +2342072877743; +2349195150354; +2349195131896; +2349195088495; +2347016782308; +2347177877381; +2348037378025; +2348172725410; +2348015360211; +2347035833856; +2342024672960; +2342024672986; +2342024672943; +2342022186750; +2348022237770; +2348282129245; +2349198616876; +2347152994763; +2348037717408; +2348012781927; +2342029623539; +2342025776950; +2348039331204; +2342029424224; +2342023643724; +2349198579044; +2349196138721; +2342085289400; +2348004679262; +2348032527255; +2348037725206; +2348037994601; +2348646562267; +2348038964213; +2349192821050; +2348282273898,,90,not_contacted,
Hans Offia & Associates | International Full-service commercial law firm in Nigeria,hansoffialawfirm.com,law firms,Nigeria,,https://hansoffialawfirm.com/contact/,info@hansoffialawfirm.com,0.95,info@hansoffialawfirm.com,+2348033389055,+2348033389055,https://www.linkedin.com/company/hans-offia-associates-law-firm/,45,not_contacted,
olaniwunajayi.net,olaniwunajayi.net,law firms,Nigeria,,https://www.olaniwunajayi.net/,lawyers@olaniwunajayi.net,0.95,lawyers@olaniwunajayi.net,+2342012702551,+2342012702551,https://www.linkedin.com/company/olaniwun-ajayi-lp/,45,not_contacted,
social.milestoneinternet.com,social.milestoneinternet.com,law firms,Nigeria,,,letsgo@visiontemenos.com,0.95,letsgo@visiontemenos.com; rtaflinger@healthlawyers.org; tlfrasier@aol.comthank; litonevents@gmail.com; info@dmvfredevents.com; hunnitkbooking@gmail.com; honchogbent@gmail.com; rsvp@morgantaylorscrubs.com; pearls4ourgirls@gmail.comphone; tc@nsfwevents.com; shows@head-roc.com; info@jbcevents.com; ekroszner@community-partnership.org; shonda@community-partnership.org; info@dorelish.com; dcpsrising@dc.gov; alvolodc@gmail.com; lucky.pbproductions@gmail.com; osse.enrollmentaudit@dc.gov; training@neotechnology.com; acemlewis@gmail.com; ditoluv12@yahoo.com; jbbough@gmail.com; richandflyvi@gmail.com; spydathedj.events@gmail.com; nate@uniquesocietydc.com; amcwhirter@americaworks.com; imalki@americaworks.com; gfu@dreamsforkidsdc.org; buffy@globallearningpartners.com; seasgrad@gwu.edu; timurtugberkevents@gmail.com; mk@marcellakriebel.com; dc-east@redfin.com; contactus@lezlink.co; rkathanadhi@raceforward.org; adasilva@raceforward.org; dcwebmavens@gmail.com; cbrecaresgreaterdc@cbre.com; events@nabwic.org; silrsvp@si.edu; info@righteouscheese.com,+2342026331000,+2342026331000; +23470120161231201; +23481420160919201; +23481920160522201; +23483020161002201; +2347039799799; +2342024500030; +2342027708537; +2342027708537; +2342026966573; +2342026334600; +2342028032899; +2342026381616; +2342026706141; +2342025508140; +2342025315263; +2342022886730; +2342027797107; +2342023982031; +23470907201609072; +2342027925020; +2342027270696; +2342022711171; +23480908201609082; +2348779876487; +2342022347174; +2342024594517; +2342023636394; +23477091020160910; +2347033384331; +2342023402052; +2342027305930; +2342024665627; +2342023474441; +2342027598065; +2342022251281; +2348133359887; +2342026332241; +2342024674600,,43,not_contacted,
NBASLP,nbaslp.org,law firms,Nigeria,,https://nbaslp.org/contact,3698info@nbaslp.org,0.95,3698info@nbaslp.org; info@nbaslp.org,+2348166413698,+2348166413698,,40,not_contacted,
"Lawworldwide.com - Worldwide Legal Resources, News, Reviews, Lawyer - Law Firm - Attorney Listings",lawworldwide.com,law firms,Nigeria,,https://lawworldwide.com/listing?country=NG,info@lawworldwide.com,0.95,info@lawworldwide.com; editor@lawworldwide.com; marketing@lawworldwide.com,,,,37,not_contacted,
Aluko & Oyebode,aluko-oyebode.com,law firms,Nigeria,,https://www.aluko-oyebode.com/,ao@aluko-oyebode.com,0.95,ao@aluko-oyebode.com,,,https://www.linkedin.com/company/aluko-&-oyebode/,37,not_contacted,
IP-Coster,ip-coster.com,law firms,Nigeria,,https://ip-coster.com/IpListingAgentList/Country/ip-law-firms-nigeria,info@adeolaoyinlade.com,0.95,info@adeolaoyinlade.com; enquiries@aaedlaw.com; active-ip.comservice@active-ip.com; info@ashtonlp.com; office@aspiresolicitors.com; lagosnigeriawww.bocsolicitors.cominfo@bocsolicitors.com; www.fortunacharis.cominfo@fortunacharis.com; g2nigeria.comip@g2nigeria.com; info@georgegreylegal.net; www.hansoffialawfirm.cominfo@hansoffialawfirm.com; hectagonandshields@hectagonsolicitors.com; abujanigeriawww.highlawchambers.cominfo@highlawchambers.com; kabbizlegal.comcontact@kabbizlegal.com; nigeriawww.lawclan.nginfo@lawclan.ng; lagosnigerialexartifexllp.comlexartifexllp@lexartifexllp.com; nigeriapreshmalsolicitors.cominfo@preshmalsolicitors.com,,,,37,not_contacted,
Patent Lawyer Magazine,patentlawyermagazine.com,law firms,Nigeria,,https://patentlawyermagazine.com/company-directory/africa/aluko-oyebode/,aoip@aluko-oyebode.com,0.95,aoip@aluko-oyebode.com; uche.nwokocha@aluko-oyebode.com; regina.onwumere@aluko-oyebode.com,,,https://www.linkedin.com/company/aluko-&-oyebode,37,not_contacted,
meritas.org,meritas.org,law firms,Nigeria,,https://www.meritas.org/firm/AELEX-Ikoyi-Lagos,lfanga@aelex.com,0.95,lfanga@aelex.com; tiemuwa@aelex.com; pakinmodun@aelex.com; aademola@aelex.com; a.ademola@aelex.com; tadewoye@aelex.com; ranammah@aelex.com; eantai@aelex.com; sboms@aelex.com; ochima@aelex.com; jdasun@aelex.com; bdesile@aelex.com,,,https://www.linkedin.com/company/aelexpartners/mycompany,37,not_contacted,
Law.asia,law.asia,law firms,Nigeria,,https://law.asia/law-firm/adeola-oyinlade-co/,info@adeolaoyinlade.com,0.95,info@adeolaoyinlade.com; adeola@adeolaoyinlade.com; news@law.asia,,,,37,not_contacted,
"Humana Law Firm, PLLC",humanalaw.com,law firms,Nigeria,,https://www.humanalaw.com/law-firm-contact-us,info@humanalaw.com,0.95,info@humanalaw.com,,,,37,not_contacted,
rickeytarfa.com,rickeytarfa.com,law firms,Nigeria,,https://rickeytarfa.com/contact-us/,rtlagos@rickeytarfa.com,0.95,rtlagos@rickeytarfa.com; rtlagos@yahoo.com; rtabuja@rickeytarfa.com; rtabujaa@gmail.com; rtyola@rickeytarfa.com; rtyola@yahoo.com; rtportharcourt@rickeytarfa.com; rtportharcourt@yahoo.com; joshua@tidalwave.net,,,,37,not_contacted,
legal500.com,legal500.com,law firms,Nigeria,,https://www.legal500.com/c/nigeria,ooo@trustedadvisorslaw.com,0.95,ooo@trustedadvisorslaw.com,,,,37,not_contacted,
bamandgadsolicitors.com.ng,bamandgadsolicitors.com.ng,law firms,Nigeria,,https://bamandgadsolicitors.com.ng/contact-us/,info@bamandgadsolicitors.com.ng,0.95,info@bamandgadsolicitors.com.ng,,,,32,not_contacted,
gelias.com,gelias.com,law firms,Nigeria,,https://www.gelias.com/,gelias@gelias.com,0.95,gelias@gelias.com,,,,32,not_contacted,
Osuya & Osuya Law Firm,osuyalawfirm.com.ng,law firms,Nigeria,,https://osuyalawfirm.com.ng/about-us/,services@osuyalawfirm.com.ng,0.95,services@osuyalawfirm.com.ng,,,https://www.linkedin.com/company/osuya-osuya-law-firm/,32,not_contacted,
nuprc.gov.ng,nuprc.gov.ng,law firms,Nigeria,,,dso.infor@dpr.gov.ng,0.95,dso.infor@dpr.gov.ng,,,,30,not_contacted,
cnzlecaf.gouv.ci,cnzlecaf.gouv.ci,law firms,Nigeria,,,,,,+2348111581119,+2348111581119,,23,not_contacted,
lib.ujs.edu.cn,lib.ujs.edu.cn,law firms,Nigeria,,,,,,+2342010201008,+2342010201008,,18,not_contacted,
iafl.com,iafl.com,law firms,Nigeria,,https://www.iafl.com/find-a-lawyer/search-details/?id=19238,,,,,,https://www.linkedin.com/company/iafl/,17,not_contacted,
assets.cengage.com,assets.cengage.com,law firms,Nigeria,,,,,,,,,15,not_contacted,
cdn.prod.website-files.com,cdn.prod.website-files.com,law firms,Nigeria,,,,,,,,,15,not_contacted,
opil.ouplaw.com,opil.ouplaw.com,law firms,Nigeria,,,,,,,,,15,not_contacted,
inta.org,inta.org,law firms,Nigeria,,,,,,,,,15,not_contacted,
thedocs.worldbank.org,thedocs.worldbank.org,law firms,Nigeria,,,,,,,,,15,not_contacted,
vcf.gov,vcf.gov,law firms,Nigeria,,,,,,,,,15,not_contacted,
esd.whs.mil,esd.whs.mil,law firms,Nigeria,,,,,,,,,10,not_contacted,
